File,ID_Modeling_Match,Community_Match,Supplemental_Match,Final_Inclusion
A participatory modelling approach for investigating the spread of COVID-19 in countries of the Eastern Mediterranean Region to support public health decision-making.pdf,TRUE,TRUE,TRUE,Included (Community)
Chimeric Forecasting An experiment to leverage human judgment to improve forecasts of infectious disease using simulated surveillance data.pdf,TRUE,TRUE,TRUE,Included (Community)
Combining Participatory Influenza Surveillance with Modeling and Forecasting Three Alternative Approaches.pdf,TRUE,TRUE,TRUE,Included (Community)
"COVID-19 collaborative modelling for policy response in the Philippines, Malaysia and Vietnam.pdf",TRUE,TRUE,FALSE,Included (Community)
Including transgender populations in mathematical models for HIV treatment and prevention current barriers and policy implications.pdf,TRUE,TRUE,FALSE,Included (Community)
Modelling the COVID-19 pandemic in context an international participatory approach.pdf,TRUE,TRUE,TRUE,Included (Community)
"Participatory Mathematical Modeling Approach for Policymaking during the First Year of the COVID-19 Crisis, Jordan.pdf",TRUE,TRUE,TRUE,Included (Community)
Simulating the End of AIDS in New York Using Participatory Dynamic Modeling to Improve Implementation of the Ending the Epidemic Initiative.pdf,TRUE,TRUE,TRUE,Included (Community)
Using mathematical modeling to inform health policy A case study from voluntary medical male circumcision scale-up in eastern and southern Africa and proposed framework for success.pdf,TRUE,TRUE,TRUE,Included (Community)
